"Language code","Title","Short description","Full description"
"tr-TR","Türkçe Sözlük","25 dilde! Eş anlamlı, fiil, deyim ve quizlerle kelime dağarcığını geliştir!","📚 Türkçe Sözlük — kapsamlı Türkçe kelime dağarcığı uygulaması! Öğrenciler, yazarlar ve Türkçe öğrenenler için. 25 dilde arayüz. ✨ ÖZELLİKLER 🔍 Çoklu sözlük modları: eş anlamlılar, fiiller, isimler, deyimler, sıfatlar ve karma mod 🔎 Akıllı arama, öneriler, sesli arama ve TDK Güncel Türkçe Sözlük online sorgulama ⭐ Favoriler ve öğrenme kartları ➕ Kendi kelimelerinizi ekleyin 🎯 Quiz modu ve istatistikler 📅 Günün kelimesi — isteğe bağlı bildirim 🌍 25 dilde arayüz; Türk dilleri dahil 🎨 Modern arayüz: yan menü, sağ üstte açık/koyu tema 📊 Profilde istatistikler ve seri takibi 🔒 Gizlilik: kişisel veri yok, uygulama içi gizlilik politikası 25 dilde, yalnızca yerel depolama 💯 Tamamen ücretsiz, reklamsız Hemen indirin ve kelime haznenizi geliştirin! 🚀"
"az-AZ","Türkcə Lüğət","25 dildə! Sinonim, feil, deyim və viktorinalarla lüğətinizi genişləndirin!","📚 Türkcə Lüğət — tələbələr, yazarlar və Türk dili öyrənənlər üçün hərtərəfli lüğət tətbiqi. 25 dildə interfeys. ✨ XÜSUSİYYƏTLƏR 🔍 Çoxlu lüğət rejimləri: sinonimlər, feillər, isimlər, deyimlər, sifətlər və qarışıq rejim 🔎 Ağıllı axtarış, təkliflər, səsli axtarış və TDK Güncel Türkçe Sözlük onlayn sorğusu ⭐ Seçilmişlər və öyrənmə kartları ➕ Öz sözlərinizi əlavə edin 🎯 Viktorina rejimi və statistika 📅 Günün sözü — ixtiyari bildiriş 🌍 25 dildə interfeys; türk dilləri daxil 🎨 Müasir interfeys: yan menyu, sağ yuxarıda açıq/tünd tema 📊 Profildə statistika və seriya izləmə 🔒 Məxfilik: şəxsi məlumat yoxdur, tətbiqdaxili məxfilik siyasəti 25 dildə, yalnız yerli saxlama 💯 Tamamilə pulsuz, reklamsız İndi endirin və lüğətinizi genişləndirin! 🚀"
"kk","Түрік тілінің сөздігі","25 тілде! Синонимдер, етістіктер, мақал-мәтелдер мен викторина арқылы!","📚 Түрік тілінің сөздігі — студенттер, жазушылар және түрік тілін үйренушілерге арналған кешенді сөздік қосымшасы. 25 тілде интерфейс. ✨ МҮМКІНДІКТЕР 🔍 Бірнеше сөздік режимі: синонимдер, етістіктер, зат есімдер, мақал-мәтелдер, сын есімдер және аралас режим 🔎 Ақылды іздеу, ұсыныстар, дауыс арқылы іздеу және TDK Güncel Türkçe Sözlük онлайн сұрау ⭐ Таңдаулылар және оқу карточкалары ➕ Өз сөздеріңізді қосыңыз 🎯 Викторина режимі және статистика 📅 Күннің сөзі — міндетті емес хабарландыру 🌍 25 тілде интерфейс; тürk тілдері қоса 🎨 Заманауи интерфейс: бүйір меню, оң жоғарыда ашық/қараңғы тема 📊 Профильде статистика және серия бақылау 🔒 Құпиялылық: жеке деректер жиналмайды, қосымшадағы саясат 25 тілде, тек жергілікті сақтау 💯 Толығымен тегін, жарнамасыз Қазір жүктеп, сөз қорыңызды кеңейтіңіз! 🚀"
"ky-KG","Түркчө Сөздүк","25 тилде! Синонимдер, этиштер, макал-лакаптар жана викторина менен!","📚 Түркчө Сөздүк — студенттер, жазуучулар жана түрк тилин үйрөнүүчүлөр үчүн кеңири сөздүк тиркемеси. 25 тилде интерфейс. ✨ МҮМКҮНЧҮЛҮКТӨР 🔍 Бир нече сөздүк режими: синонимдер, этиштер, зат атоочтор, макал-лакаптар, сын ат атоочтор жана аралаш режим 🔎 Акылдуу издөө, сунуштар, үн менен издөө жана TDK Güncel Türkçe Sözlük онлайн суроо ⭐ Тандалгандар жана окуу карталары ➕ Өз сөздөрүңүздү кошуңуз 🎯 Викторина режими жана статистика 📅 Күнүн сөзү — милдеттүү эмес эскертме 🌍 25 тилде интерфейс; тürk тилдери кошумча 🎨 Заманбап интерфейс: бок меню, оң жогоруда ачык/караңгы тема 📊 Профилде статистика жана серия көзөмөл 🔒 Купуялык: жеке маалымат жок, тиркемедеги саясат 25 тилде, жергиликтүү сактоо гана 💯 Акысыз, жарнамасыз Азыр жүктөп, сөз байлыгыңызды кеңейттиңиз! 🚀"
"en-US","Turkish Dictionary","In 25 languages! Build vocabulary with synonyms, verbs, idioms & quizzes!","📚 Turkish Dictionary — a comprehensive Turkish vocabulary app for students, writers and Turkish learners. Interface available in 25 languages. ✨ FEATURES 🔍 Multiple dictionary modes: synonyms, verbs, nouns, idioms, adjectives and mixed mode 🔎 Smart search with suggestions, voice search and TDK Güncel Türkçe Sözlük online lookup ⭐ Favorites and learning flashcards ➕ Add your own words 🎯 Quiz mode with statistics 📅 Word of the day with optional notification 🌍 UI in 25 languages, including Turkic languages 🎨 Modern UI: side menu navigation, light/dark theme toggle top-right 📊 Stats and streak tracking on your profile 🔒 Privacy: no personal data collected, in-app privacy policy in 25 languages, local storage only 💯 Completely free, no ads Download now and expand your vocabulary! 🚀"
"zh-CN","土耳其语词典","25种语言！同义词、动词、习语和测验，全面提升土耳其语词汇量！","📚 土耳其语词典 — 面向学生、写作者和土耳其语学习者的全面词汇应用。界面支持25种语言。 ✨ 功能 🔍 多种词典模式：同义词、动词、名词、习语、形容词和混合模式 🔎 智能搜索、建议、语音搜索及 TDK Güncel Türkçe Sözlük 在线查询 ⭐ 收藏与学习闪卡 ➕ 添加自定义词汇 🎯 测验模式与统计数据 📅 每日一词，可选通知 🌍 25种语言界面，含突厥语族语言 🎨 现代界面：侧边菜单，右上角浅色/深色主题切换 📊 个人资料中的统计与连续记录 🔒 隐私：不收集个人数据，应用内隐私政策25种语言，仅本地存储 💯 完全免费，无广告 立即下载，扩展您的词汇量！🚀"
"hi-IN","तुर्की शब्दकोश","25 भाषाओं में! पर्याय, क्रिया, मुहावरे और क्विज़ से शब्दावली बढ़ाएँ!","📚 तुर्की शब्दकोश — छात्रों, लेखकों और तुर्की सीखने वालों के लिए व्यापक शब्दावली ऐप। 25 भाषाओं में इंटरफ़ेस। ✨ विशेषताएँ 🔍 कई शब्दकोश मोड: पर्याय, क्रियाएँ, संज्ञाएँ, मुहावरे, विशेषण और मिश्रित मोड 🔎 स्मार्ट खोज, सुझाव, वॉइस खोज और TDK Güncel Türkçe Sözlük ऑनलाइन लुकअप ⭐ पसंदीदा और सीखने के फ़्लैशकार्ड ➕ अपने शब्द जोड़ें 🎯 क्विज़ मोड और आँकड़े 📅 दिन का शब्द — वैकल्पिक सूचना 🌍 25 भाषाओं में UI; तुर्क भाषाएँ सहित 🎨 आधुनिक UI: साइड मेनू, ऊपर दाएँ लाइट/डार्क थीम 📊 प्रोफ़ाइल में आँकड़े और स्ट्रीक 🔒 गोपनीयता: कोई व्यक्तिगत डेटा नहीं, ऐप में नीति 25 भाषाओं में, केवल स्थानीय संग्रहण 💯 पूरी तरह मुफ़्त, बिना विज्ञापन अभी डाउनलोड करें और शब्दावली बढ़ाएँ! 🚀"
"es-ES","Diccionario turco","¡En 25 idiomas! Mejora vocabulario con sinónimos, verbos, modismos y quiz!","📚 Diccionario turco — aplicación integral de vocabulario turco para estudiantes, escritores y aprendices. Interfaz en 25 idiomas. ✨ CARACTERÍSTICAS 🔍 Varios modos de diccionario: sinónimos, verbos, sustantivos, modismos, adjetivos y modo mixto 🔎 Búsqueda inteligente con sugerencias, búsqueda por voz y consulta en línea TDK Güncel Türkçe Sözlük ⭐ Favoritos y tarjetas de aprendizaje ➕ Añade tus propias palabras 🎯 Modo quiz con estadísticas 📅 Palabra del día con notificación opcional 🌍 Interfaz en 25 idiomas, incluidas lenguas túrquicas 🎨 Interfaz moderna: menú lateral, tema claro/oscuro arriba a la derecha 📊 Estadísticas y racha en el perfil 🔒 Privacidad: sin datos personales, política en la app en 25 idiomas, solo almacenamiento local 💯 Totalmente gratis, sin anuncios ¡Descarga ahora y amplía tu vocabulario! 🚀"
"fr-FR","Dictionnaire turc","En 25 langues ! Enrichissez votre vocabulaire : synonymes, verbes, quiz !","📚 Dictionnaire turc — application complète de vocabulaire turc pour étudiants, écrivains et apprenants. Interface en 25 langues. ✨ FONCTIONNALITÉS 🔍 Modes dictionnaire multiples : synonymes, verbes, noms, expressions, adjectifs et mode mixte 🔎 Recherche intelligente avec suggestions, recherche vocale et consultation en ligne TDK Güncel Türkçe Sözlük ⭐ Favoris et cartes d'apprentissage ➕ Ajoutez vos propres mots 🎯 Mode quiz avec statistiques 📅 Mot du jour avec notification optionnelle 🌍 Interface en 25 langues, y compris les langues turques 🎨 Interface moderne : menu latéral, thème clair/sombre en haut à droite 📊 Statistiques et série dans le profil 🔒 Confidentialité : aucune donnée personnelle, politique intégrée en 25 langues, stockage local uniquement 💯 Entièrement gratuit, sans publicité Téléchargez maintenant et enrichissez votre vocabulaire ! 🚀"
"ar","قاموس التركية","بـ25 لغة! عزّز مفرداتك بالمرادفات والأفعال والاصطلاحات والاختبارات!","📚 قاموس التركية — تطبيق شامل لمفردات اللغة التركية للطلاب والكتاب ومتعلمي التركية. واجهة بـ25 لغة. ✨ الميزات 🔍 أوضاع قاموس متعددة: مرادفات، أفعال، أسماء، اصطلاحات، صفات ووضع مختلط 🔎 بحث ذكي مع اقتراحات، بحث صوتي واستعلام عبر TDK Güncel Türkçe Sözlük على الإنترنت ⭐ المفضلة وبطاقات التعلم ➕ أضف كلماتك الخاصة 🎯 وضع الاختبار مع إحصائيات 📅 كلمة اليوم مع إشعار اختياري 🌍 واجهة بـ25 لغة، بما فيها اللغات التركية 🎨 واجهة عصرية: قائمة جانبية، تبديل الوضع الفاتح/الداكن أعلى اليمين 📊 إحصائيات وسلسلة في الملف الشخصي 🔒 الخصوصية: لا بيانات شخصية، سياسة خصوصية داخل التطبيق بـ25 لغة، تخزين محلي فقط 💯 مجاني بالكامل، بدون إعلانات حمّل الآن ووسّع مفرداتك! 🚀"
"bn-BD","তুর্কি অভিধান","২৫টি ভাষায়! প্রতিশব্দ, ক্রিয়া, প্রবাদ ও কুইজে শব্দভান্ডার বাড়ান!","📚 তুর্কি অভিধান — শিক্ষার্থী, লেখক ও তুর্কি ভাষা শিখছেন তাদের জন্য সম্পূর্ণ শব্দভান্ডার অ্যাপ। ২৫টি ভাষায় ইন্টারফেস। ✨ বৈশিষ্ট্য 🔍 একাধিক অভিধান মোড: প্রতিশব্দ, ক্রিয়া, বিশেষ্য, প্রবাদ, বিশেষণ ও মিশ্র মোড 🔎 স্মার্ট অনুসন্ধান, পরামর্শ, ভয়েস সার্চ ও TDK Güncel Türkçe Sözlük অনলাইন খোঁজ ⭐ পছন্দের তালিকা ও শেখার ফ্ল্যাশকার্ড ➕ নিজের শব্দ যোগ করুন 🎯 কুইজ মোড ও পরিসংখ্যান 📅 দিনের শব্দ — ঐচ্ছিক বিজ্ঞপ্তি 🌍 ২৫টি ভাষায় UI; তুর্কি ভাষাসহ 🎨 আধুনিক UI: সাইড মেনু, উপরে ডানে লাইট/ডার্ক থিম 📊 প্রোফাইলে পরিসংখ্যান ও ধারাবাহিকতা 🔒 গোপনীয়তা: কোনো ব্যক্তিগত তথ্য নেই, অ্যাপে নীতি ২৫টি ভাষায়, শুধু স্থানীয় সংরক্ষণ 💯 সম্পূর্ণ বিনামূল্যে, বিজ্ঞাপন নেই এখনই ডাউনলোড করুন ও শব্দভান্ডার বাড়ান! 🚀"
"pt-BR","Dicionário turco","Vocabulário turco em 25 idiomas: sinônimos, verbos, expressões e quiz","📚 Dicionário turco — app completo de vocabulário turco para estudantes, escritores e aprendizes. Interface em 25 idiomas. ✨ RECURSOS 🔍 Vários modos de dicionário: sinônimos, verbos, substantivos, expressões, adjetivos e modo misto 🔎 Busca inteligente com sugestões, busca por voz e consulta online TDK Güncel Türkçe Sözlük ⭐ Favoritos e flashcards de aprendizado ➕ Adicione suas próprias palavras 🎯 Modo quiz com estatísticas 📅 Palavra do dia com notificação opcional 🌍 Interface em 25 idiomas, incluindo línguas turcas 🎨 UI moderna: menu lateral, tema claro/escuro no canto superior direito 📊 Estatísticas e sequência no perfil 🔒 Privacidade: sem dados pessoais, política no app em 25 idiomas, apenas armazenamento local 💯 Totalmente grátis, sem anúncios Baixe agora e amplie seu vocabulário! 🚀"
"ru-RU","Турецкий словарь","На 25 языках! Синонимы, глаголы, идиомы и викторины для словарного запаса!","📚 Турецкий словарь — полноценное приложение для турецкого словарного запаса для учеников, писателей и изучающих турецкий. Интерфейс на 25 языках. ✨ ВОЗМОЖНОСТИ 🔍 Несколько режимов словаря: синонимы, глаголы, существительные, идиомы, прилагательные и смешанный режим 🔎 Умный поиск с подсказками, голосовой поиск и онлайн-запрос TDK Güncel Türkçe Sözlük ⭐ Избранное и обучающие карточки ➕ Добавляйте свои слова 🎯 Режим викторины со статистикой 📅 Слово дня с необязательным уведомлением 🌍 Интерфейс на 25 языках, включая тюркские 🎨 Современный интерфейс: боковое меню, переключатель темы справа сверху 📊 Статистика и серия в профиле 🔒 Конфиденциальность: без личных данных, политика в приложении на 25 языках, только локальное хранение 💯 Полностью бесплатно, без рекламы Скачайте сейчас и расширяйте словарный запас! 🚀"
"ur","ترکی لغت","25 زبانوں میں! مترادفات، افعال، محاورے اور کوئز سے الفاظ بڑھائیں!","📚 ترکی لغت — طلبہ، مصنفین اور ترکی سیکھنے والوں کے لیے جامع الفاظ کی ایپ۔ 25 زبانوں میں انٹرفیس۔ ✨ خصوصیات 🔍 متعدد لغت موڈ: مترادفات، افعال، اسم، محاورے، صفتیں اور مخلوط موڈ 🔎 ذكي تلاش، تجاویز، آواز سے تلاش اور TDK Güncel Türkçe Sözlük آن لائن تلاش ⭐ پسندیدہ اور سیکھنے کے فلیش کارڈ ➕ اپنے الفاظ شامل کریں 🎯 کوئز موڈ اور اعداد و شمار 📅 دن کا لفظ — اختیاری اطلاع 🌍 25 زبانوں میں UI؛ ترکی زبانیں شامل 🎨 جدید UI: سائیڈ مینو، اوپر دائیں لائٹ/ڈارک تھیم 📊 پروفائل میں اعداد و شمار اور سلسلہ 🔒 رازداری: کوئی ذاتی ڈیٹا نہیں، ایپ میں پالیسی 25 زبانوں میں، صرف مقامی ذخیرہ 💯 مکمل مفت، بغیر اشتہار ابھی ڈاؤن لوڈ کریں اور الفاظ بڑھائیں! 🚀"
"id","Kamus Turki","25 bahasa! Perkaya kosakata dengan sinonim, kata kerja, idiom & kuis!","📚 Kamus Turki — aplikasi kosakata Turki lengkap untuk pelajar, penulis dan pembelajar bahasa Turki. Antarmuka 25 bahasa. ✨ FITUR 🔍 Beberapa mode kamus: sinonim, kata kerja, kata benda, idiom, kata sifat dan mode campuran 🔎 Pencarian cerdas dengan saran, pencarian suara dan lookup online TDK Güncel Türkçe Sözlük ⭐ Favorit dan kartu flash belajar ➕ Tambahkan kata Anda sendiri 🎯 Mode kuis dengan statistik 📅 Kata hari ini dengan notifikasi opsional 🌍 UI 25 bahasa, termasuk bahasa Turkik 🎨 UI modern: menu samping, tema terang/gelap kanan atas 📊 Statistik dan streak di profil 🔒 Privasi: tanpa data pribadi, kebijakan dalam app 25 bahasa, penyimpanan lokal saja 💯 Gratis sepenuhnya, tanpa iklan Unduh sekarang dan perluas kosakata Anda! 🚀"
"de-DE","Türkisches Wörterbuch","In 25 Sprachen! Wortschatz mit Synonymen, Verben, Redewendungen & Quiz!","📚 Türkisches Wörterbuch — umfassende Türkisch-Vokabel-App für Schüler, Autoren und Türkischlernende. Oberfläche in 25 Sprachen. ✨ FUNKTIONEN 🔍 Mehrere Wörterbuchmodi: Synonyme, Verben, Substantive, Redewendungen, Adjektive und Mischmodus 🔎 Intelligente Suche mit Vorschlägen, Sprachsuche und TDK Güncel Türkçe Sözlük Online-Abfrage ⭐ Favoriten und Lernkarten ➕ Eigene Wörter hinzufügen 🎯 Quiz-Modus mit Statistiken 📅 Wort des Tages mit optionaler Benachrichtigung 🌍 Oberfläche in 25 Sprachen, einschließlich turkischer Sprachen 🎨 Moderne Oberfläche: Seitenmenü, Hell/Dunkel-Umschalter oben rechts 📊 Statistiken und Serien im Profil 🔒 Datenschutz: keine personenbezogenen Daten, In-App-Datenschutzrichtlinie in 25 Sprachen, nur lokale Speicherung 💯 Völlig kostenlos, ohne Werbung Jetzt herunterladen und Wortschatz erweitern! 🚀"
"ja-JP","トルコ語辞典","25言語対応！類語・動詞・慣用句・クイズでトルコ語語彙を強化！","📚 トルコ語辞典 — 学生、作家、トルコ語学習者向けの包括的語彙アプリ。25言語のUI。 ✨ 機能 🔍 複数の辞書モード：類語、動詞、名詞、慣用句、形容詞、混合モード 🔎 スマート検索、候補、音声検索、TDK Güncel Türkçe Sözlük オンライン検索 ⭐ お気に入りと学習フラッシュカード ➕ 独自の単語を追加 🎯 クイズモードと統計 📅 今日の単語（通知は任意） 🌍 25言語UI、テュルク語族を含む 🎨 モダンUI：サイドメニュー、右上でライト/ダークテーマ切替 📊 プロフィールの統計と連続記録 🔒 プライバシー：個人データなし、アプリ内プライバシーポリシー25言語、ローカルのみ 💯 完全無料、広告なし 今すぐダウンロードして語彙を広げましょう！🚀"
"sw","Kamusi ya Kituruki","Lugha 25! Ongeza msamiati kwa visawe, vitenzi, methali na maswali!","📚 Kamusi ya Kituruki — programu kamili ya msamiati wa Kituruki kwa wanafunzi, waandishi na wajifunzaji. Kiolesura cha lugha 25. ✨ VIPENGELE 🔍 Hali nyingi za kamusi: visawe, vitenzi, nomino, methali, vivumishi na hali mchanganyiko 🔎 Utafutaji mahiri, mapendekezo, utafutaji wa sauti na TDK Güncel Türkçe Sözlük mtandaoni ⭐ Vipendwa na kadi za kujifunza ➕ Ongeza maneno yako mwenyewe 🎯 Hali ya maswali na takwimu 📅 Neno la siku — arifa hiari 🌍 UI ya lugha 25, ikiwa ni lugha za Kituruki 🎨 UI ya kisasa: menyu ya upande, mandhari angavu/giza juu kulia 📊 Takwimu na mfululizo kwenye wasifu 🔒 Faragha: hakuna data ya kibinafsi, sera ndani ya programu lugha 25, hifadhi ya ndani tu 💯 Bure kabisa, bila matangazo Pakua sasa na panua msamiati wako! 🚀"
"mr-IN","तुर्की शब्दकोश","25 भाषांमध्ये! समानार्थी, क्रियापद, वाक्प्रचार आणि क्विझने शब्दसंग्रह!","📚 तुर्की शब्दकोश — विद्यार्थी, लेखक आणि तुर्की शिकणाऱ्यांसाठी सर्वसमावेशक शब्दसंग्रह अ‍ॅप. 25 भाषांमध्ये UI. ✨ वैशिष्ट्ये 🔍 अनेक शब्दकोश मोड: समानार्थी, क्रियापद, नाम, वाक्प्रचार, विशेषण आणि मिश्र मोड 🔎 स्मार्ट शोध, सूचना, व्हॉइस शोध आणि TDK Güncel Türkçe Sözlük ऑनलाइन शोध ⭐ आवडते आणि शिकण्याची फ्लॅशकार्ड ➕ स्वतःची शब्दे जोडा 🎯 क्विझ मोड आणि आकडेवारी 📅 दिवसाचे शब्द — पर्यायी सूचना 🌍 25 भाषांमध्ये UI; तुर्की भाषा समावेश 🎨 आधुनिक UI: साइड मेनू, वर उजवीकडे लाइट/डार्क थीम 📊 प्रोफाइलमध्ये आकडेवारी आणि साखळी 🔒 गोपनीयता: वैयक्तिक डेटा नाही, अ‍ॅपमध्ये धोरण 25 भाषांमध्ये, फक्त स्थानिक साठवण 💯 पूर्णपणे मोफत, जाहिराती नाहीत आत्ताच डाउनलोड करा आणि शब्दसंग्रह वाढवा! 🚀"
"te-IN","టర్కిష్ నిఘంటువు","25 భాషల్లో! పర్యాయపదాలు, క్రియలు, సామెతలు, క్విజ్‌తో పదజాలం పెంచండి!","📚 టర్కిష్ నిఘంటువు — విద్యార్థులు, రచయితలు మరియు టర్కిష్ నేర్చుకునేవారికి సమగ్ర పదజాలం యాప్. 25 భాషల UI. ✨ లక్షణాలు 🔍 అనేక నిఘంటువు మోడ్‌లు: పర్యాయపదాలు, క్రియలు, నామవాచకాలు, సామెతలు, విశేషణాలు మరియు మిశ్రమ మోడ్ 🔎 స్మార్ట్ శోధన, సూచనలు, వాయిస్ శోధన మరియు TDK Güncel Türkçe Sözlük ఆన్‌లైన్ శోధన ⭐ ఇష్టమైనవి మరియు నేర్చుకోవడానికి ఫ్లాష్ కార్డులు ➕ మీ పదాలను జోడించండి 🎯 క్విజ్ మోడ్ మరియు గణాంకాలు 📅 రోజు పదం — ఐచ్ఛిక నోటిఫికేషన్ 🌍 25 భాషల UI; టర్కిక్ భాషలు సహా 🎨 ఆధునిక UI: సైడ్ మెనూ, పై కుడి లైట్/డార్క్ థీమ్ 📊 ప్రొఫైల్‌లో గణాంకాలు మరియు స్ట్రీక్ 🔒 గోప్యత: వ్యక్తిగత డేటా లేదు, యాప్‌లో విధానం 25 భాషల్లో, స్థానిక నిల్వ మాత్రమే 💯 పూర్తిగా ఉచితం, ప్రకటనలు లేవు ఇప్పుడే డౌన్‌లోడ్ చేసి పదజాలం పెంచుకోండి! 🚀"
"ta-IN","துருக்கிய அகராதி","25 மொழிகளில்! ஒத்த சொற்கள், வினை, மரபுத்தொடர்கள், வினாடி வினாவுடன்!","📚 துருக்கிய அகராதி — மாணவர்கள், எழுத்தாளர்கள் மற்றும் துருக்கியம் கற்பவர்களுக்கான விரிவான சொல்லகராதி செயலி. 25 மொழி UI. ✨ அம்சங்கள் 🔍 பல அகராதி முறைகள்: ஒத்த சொற்கள், வினை, பெயர், மரபுத்தொடர்கள், பெயரடை மற்றும் கலப்பு முறை 🔎 ஸ்மார்ட் தேடல், பரிந்துரைகள், குரல் தேடல் மற்றும் TDK Güncel Türkçe Sözlük ஆன்லைன் தேடல் ⭐ பிடித்தவை மற்றும் கற்றல் ஃபிளாஷ் கார்டுகள் ➕ உங்கள் சொற்களைச் சேர்க்கவும் 🎯 வினாடி வினா முறை மற்றும் புள்ளிவிவரங்கள் 📅 இன்றைய சொல் — விருப்ப அறிவிப்பு 🌍 25 மொழி UI; துருக்கிய மொழிகள் உட்பட 🎨 நவீன UI: பக்க மெனு, மேல் வலது லைட்/டார்க் தீம் 📊 சுயவிவரத்தில் புள்ளிவிவரம் மற்றும் தொடர் 🔒 தனியுரிமை: தனிப்பட்ட தரவு இல்லை, செயலியில் கொள்கை 25 மொழிகளில், உள்ளூர் சேமிப்பு மட்டும் 💯 முற்றிலும் இலவசம், விளம்பரம் இல்லை இப்போது பதிவிறக்கம் செய்து சொல்லகராதியை விரிவுபடுத்துங்கள்! 🚀"
"vi","Từ điển tiếng Thổ Nhĩ Kỳ","25 ngôn ngữ! Mở rộng từ vựng với từ đồng nghĩa, động từ, thành ngữ & quiz!","📚 Từ điển tiếng Thổ Nhĩ Kỳ — ứng dụng từ vựng tiếng Thổ toàn diện cho học sinh, nhà văn và người học. Giao diện 25 ngôn ngữ. ✨ TÍNH NĂNG 🔍 Nhiều chế độ từ điển: từ đồng nghĩa, động từ, danh từ, thành ngữ, tính từ và chế độ hỗn hợp 🔎 Tìm kiếm thông minh, gợi ý, tìm bằng giọng nói và tra cứu TDK Güncel Türkçe Sözlük trực tuyến ⭐ Yêu thích và thẻ học flashcard ➕ Thêm từ của riêng bạn 🎯 Chế độ quiz với thống kê 📅 Từ trong ngày — thông báo tùy chọn 🌍 Giao diện 25 ngôn ngữ, gồm các ngôn ngữ Turk 🎨 Giao diện hiện đại: menu bên, chuyển sáng/tối góc trên phải 📊 Thống kê và chuỗi ngày trên hồ sơ 🔒 Quyền riêng tư: không thu thập dữ liệu cá nhân, chính sách trong app 25 ngôn ngữ, chỉ lưu trữ cục bộ 💯 Hoàn toàn miễn phí, không quảng cáo Tải ngay và mở rộng vốn từ! 🚀"
"ko-KR","터키어 사전","25개 언어! 동의어, 동사, 관용구, 퀴즈로 터키어 어휘력을 키우세요!","📚 터키어 사전 — 학생, 작가, 터키어 학습자를 위한 종합 어휘 앱. 25개 언어 UI. ✨ 기능 🔍 다중 사전 모드: 동의어, 동사, 명사, 관용구, 형용사, 혼합 모드 🔎 스마트 검색, 제안, 음성 검색, TDK Güncel Türkçe Sözlük 온라인 조회 ⭐ 즐겨찾기 및 학습 플래시카드 ➕ 나만의 단어 추가 🎯 퀴즈 모드 및 통계 📅 오늘의 단어 — 선택적 알림 🌍 25개 언어 UI, 투르크어족 포함 🎨 현대적 UI: 사이드 메뉴, 우측 상단 라이트/다크 테마 📊 프로필 통계 및 연속 기록 🔒 개인정보: 개인 데이터 없음, 앱 내 정책 25개 언어, 로컬 저장만 💯 완전 무료, 광고 없음 지금 다운로드하고 어휘를 넓히세요! 🚀"
